28.5843981147073,33.2344520429524,2.02961755735904,36.7231596093877,23.9135900783197,37.0805831140464,2.72998809610563,-7.43179130331937,-6.66532886744307,-5.67079990585135,-5.70899502730366,-6.48993288001432
15.1142057737101,28.6001192219972,-16.2507399096956,38.28461920733,18.9348032097982,39.1612089700963,-13.1709574358329,-28.2442839297822,-26.4775128867836,-24.9598119785453,-24.9970722605905,-26.121349352584
-117.996329066132,-77.7694587025763,-41.7564159903819,-48.9430832333014,-40.3359739313501,-46.3610577586365,-47.2250108826984,-38.0355578800433,-32.7814693144191,-28.5499439217276,-28.6416239561788,-31.7346513600896
-81.1306158837743,-52.6854197348326,-61.8118275505292,-32.2767099090514,-39.7033317562805,-30.4345346242537,-55.2713941028109,-59.8575994887951,-56.1503431588538,-53.0069867844748,-53.0824658321889,-55.4055613590792
81.2147697909539,56.6131110131355,40.3084513380026,39.9842656429628,37.033581705038,38.6217097632825,34.9199143235481,32.6526005067404,31.4929340231782,32.932345854627,32.8031492538109,31.4537409354379
121.298907511983,99.7575738067949,83.5703850984196,83.7995890063027,80.3599457805291,82.3635328340828,77.1318554217437,71.9603495014077,67.6672919128613,62.7811618638063,62.9443417351453,66.6847815858162
-105.979473642453,-105.979473642453,-105.979473642453,-105.979473642453,-105.979473642453,-105.979473642453,-105.979473642453,-105.979473642453,-105.979473642453,-105.979473642453,-105.979473642453,-105.979473642453
379.159037594354,264.923153176602,205.564161177173,184.275336024907,176.689075502853,177.236882617611,193.495822814311,182.670799536813,170.032490824133,162.702759934842,162.742729147742,167.736156683279
-105.979473642453,-105.979473642453,-105.979473642453,-105.979473642453,-105.979473642453,-105.979473642453,-105.979473642453,-105.979473642453,-105.979473642453,-105.979473642453,-105.979473642453,-105.979473642453
84.2693417537885,68.1558413614911,56.306235493282,56.8444084816598,54.4177755398579,55.9031126052048,50.1128859333487,47.2587803693779,45.372849389806,44.4815554304018,44.4729108434432,45.0327867543807
98.8173228534953,77.8551637260579,61.6874662982559,63.0712772395885,59.6161881101818,61.819580471437,56.0795035052539,52.1250416612308,49.6077443276793,48.2134833740036,48.2154901055599,49.1422030286644
81.4077171700241,57.3380433634577,54.4787937281626,40.8645287353025,43.085619117484,39.5600533161833,47.6057767859679,48.8041794970627,46.6951761418272,46.1451084454772,46.1094433141184,46.368625349487
-42.8881962201416,-22.1421139512868,-37.2174997239508,-6.96192515929752,-15.6459360160698,-5.50929056869105,-33.1621689142946,-39.0950109216339,-36.0802538664082,-32.8560714022833,-32.9612346808748,-35.4330883313608
-2.66983650191732,4.64701552924371,-8.75504885527567,10.1032575048395,3.88963958836754,10.6533918358112,-7.57259499400167,-12.2070686584467,-11.0360215351793,-9.57594300678055,-9.63040497325309,-10.7717332710981
41.9505244170615,38.2788907691255,39.9985051856991,35.3007080853168,36.4412317502953,35.0805477347944,37.2846293476304,36.8080606601506,35.0110443084823,32.6002602565101,32.6890925399738,34.5522892913603
30.8700159334206,33.8105979762002,24.632222116986,35.7717125511556,31.7561506628532,35.9682367669221,23.0277343031556,19.2104335379897,19.1436265321666,19.617089243831,19.5797701992737,19.1319622947775
-18.0536171449751,-1.7433695489494,-1.45650744190657,9.82034965866312,7.68281996364184,10.9012976332794,-0.569681824310209,-2.32407445928544,-0.708940881608555,1.42402955992811,1.3362132794283,-0.37577349807858
-79.3825543595673,-51.6124763039962,-35.9098023767989,-31.6162551592343,-29.2677910601127,-29.7302744690968,-32.3389779392541,-29.6327822310573,-26.2314031039143,-22.3185097712574,-22.4591329077,-25.5153225924953
-89.557428949374,-57.1441226638435,-40.7207668977805,-33.8838156795219,-31.8939847577905,-31.7071782577195,-36.4775156452271,-34.0011237923811,-30.1367135956173,-25.7731157937925,-25.9279294814732,-29.3315706071457
-5.05182776147333,7.84076515806995,5.37583586392056,17.6493659934193,15.0048265384973,18.8681974205005,5.30002435163794,2.90817811945772,3.79325757289255,3.94657907350719,3.96318135002733,3.9065776950979
-49.7128935521715,-42.0857358224763,-29.5765918238445,-32.1458481890488,-27.6480961138034,-29.3918356239569,-29.3694654492121,-25.4909303766127,-25.9157581947839,-33.9350479561347,-33.4218974542544,-26.4065362407948
-113.776903887844,-76.39881519259,-54.3274091891337,-48.8049751601994,-45.1736590217854,-45.9200938324214,-49.2996098104118,-45.2583393470658,-40.9531237432893,-37.4080232110839,-37.4932937999716,-40.1221414114462
-47.046151969819,-53.2664685927316,-65.0412392703244,-59.0655006752836,-63.0489469382862,-60.11357200427,-66.5373512689598,-70.7779441358419,-71.2412245317044,-70.5746157090278,-70.6058656830653,-71.161643329328
55.7178155219693,66.0026153236655,70.7672308373843,72.1922089269318,72.4391743403306,72.2671839855735,72.7113469931446,72.8071719388879,74.6493276210405,77.602257632218,77.5023374740247,75.2126686146056
101.352018045101,81.4834504454684,71.8877115982622,74.4750388834028,74.3001737257327,76.8962427181143,66.2324232804853,61.3879529682552,57.302244644235,51.9440941795342,52.1169527713087,56.2297391409572
-45.7207060272251,-32.3648320791484,-27.6206894814809,-21.0280571031859,-20.8360996339685,-19.2230059008576,-26.8759510774366,-27.8894989779396,-26.6494573666453,-30.9946291299656,-30.5905557938146,-26.3869050546639
33.4832404211588,28.8991014650361,34.6195264996944,32.9926590811717,36.7353322029787,36.4538508767971,32.1500334462788,31.3212675326366,29.3704895126558,26.1295681642359,26.2388352912383,28.7459658241566
-58.7842505618245,-42.5892340444355,-16.0465095321852,-23.4025676836722,-14.3340077471659,-18.527513974434,-14.1849191902756,-9.55434161256772,-8.60268541355182,-8.96523727847036,-8.94242264269813,-8.6181785654377
-160.216377049415,-121.178277840168,-71.7450412757024,-85.3993523969689,-70.4759023004292,-78.9700023810929,-65.1221748429114,-54.4899946026164,-50.3476146536993,-47.5458977776105,-47.6181226832014,-49.6935842088505
-300.782774644826,-145.790055111864,63.0334965940412,6.33443006213756,71.5884160909152,36.9691498646953,87.3620284900355,107.339205785226,122.655093260737,133.393830017444,133.070016285012,124.95989814159
-64.6100244755017,-94.2564331148776,-149.457086892278,-134.233431052254,-153.923267418032,-145.596880592686,-152.129314696337,-141.841004208129,-143.320060447605,-143.539579751837,-143.506558130784,-143.268878725997
27.5876775622379,17.7100681980779,32.6788604815423,27.9913404667568,37.1786603082995,36.1430087057549,27.5148987289217,37.6395452081322,33.9703176921113,29.7415025097916,29.8235229768029,32.8969826511109
131.513634923516,91.9896169199803,51.7577554260448,62.2938912512828,51.7913747270486,59.0821099498489,43.9215658693644,28.1197670827288,22.9714833272321,18.5231488406844,18.6381909287361,21.9493300078392
89.8151642322809,71.6978748216457,50.8993430418711,56.3588889476289,50.4241252820826,54.0144681314644,47.6305159649588,41.7221905990113,39.592755737004,37.9017879041772,37.9463505804418,39.205825924746
-11.4807354678919,-6.78562122177944,-4.72438368368966,-5.5546319802751,-5.64236880192759,-6.34684396247867,-3.23832922505858,-3.15311228442567,-2.09610864678744,-0.627057458888736,-0.677406682658344,-1.81441405521809
210.974016436911,100.979745188471,15.4595248229096,30.3604784077127,12.6797934442315,27.3000683653354,-6.07902476108713,-29.5472879390278,-43.1455946723272,-48.2112758459039,-48.3805848415088,-45.6030972373526
-207.624547726112,-68.767977535191,15.2628204558804,29.7632751688031,43.6600417119195,38.4769771176526,32.4629479075529,49.7566065826575,65.8339347961206,76.5741715013348,76.43176695974,68.8518935230821
167.751657057256,177.629266421416,162.660474137952,167.347994152738,158.160674311194,159.19632591374,167.824435890573,157.699789411362,161.369016927382,165.597832109702,165.515811642691,162.442351968384
26.0867734463962,0.562998943352033,-15.6373947409165,-10.4846543252902,-12.4808262472848,-8.40939247098058,-22.6148772464277,-27.8458429522987,-32.6938533906887,-38.7126508318584,-38.518421602279,-33.9013894971377
-81.045789440954,-60.6842356219254,-42.9240300987942,-48.0738004536338,-44.1460861150567,-47.8000315656175,-38.172556293134,-33.971268561076,-30.72597530001,-27.0867780905704,-27.2023081505647,-29.9851022730085
120.477105883527,53.2436543428474,-31.8316417294513,-9.26980012953376,-35.0214649288213,-20.8138294719644,-42.8892500035484,-57.5110127910402,-64.5410999450396,-69.6163272311322,-69.4771213129561,-65.6839808591528
-63.8665764757831,-48.6947774618014,-26.7587261614898,-32.362214811991,-25.2188779344909,-28.6296102262388,-24.7464329156012,-20.433718691004,-19.1961782526393,-18.7590700839612,-18.7649714007565,-19.066857585589
-31.4822546506278,-17.4145637488246,-1.98854933071253,-6.41109595647773,-2.20010057429718,-5.06580149043696,0.874164418430468,1.75812619018032,3.70416198419203,5.7898091306738,5.71903896284596,4.11134455286941
-24.2076808858978,30.8713743057911,61.6557890673109,64.3848646780604,68.1033062435279,64.9688427564106,71.8276621518469,78.3171015459844,86.9856156080258,91.787945131788,91.9262426953976,89.2004646380992
-64.2127151708412,-0.487017213896901,38.8759120180841,38.7321507697266,44.5276007800205,39.566547774184,51.4338526910977,60.6721046926921,70.6638467032918,77.4301787457198,77.4773619713811,73.1547835212686
-29.9637871772927,-24.8360936673109,-19.8415762472514,-21.4477549536966,-20.1699425608979,-21.069876336427,-18.2094567009486,-16.3684405791699,-16.0615834555742,-15.3058298004936,-15.3687497315858,-16.0667400839884
-46.6378115402916,-38.8119574252705,-30.4624796450248,-32.5953699899131,-30.3998476900865,-32.057072404411,-29.2104516582651,-27.3132681881211,-25.5680718078338,-24.2284579657262,-24.2295044242525,-25.1250887635466
-108.048165125041,-38.7914462334201,6.59797727475899,5.23464012760808,12.754648075887,6.82137347183662,19.9265511310437,30.507451659366,41.4219392040817,48.5176493956689,48.5859357170791,44.1159894431919
49.2511238452642,52.3547523460866,52.402947415246,52.823994842727,52.6483310619504,52.7437300013553,51.7054208624604,51.4198993891203,52.4570690579569,54.175213546225,54.1280625783983,52.8454102240591
-73.653030350109,-28.9913580589626,9.87210958434304,1.53832700150076,11.2591762110767,3.74555363496114,12.7321585157276,19.9512732538651,31.8025992713572,42.963917670987,42.8922291997765,35.257535246086
148.941793831642,100.017124935167,48.5471032774406,65.1377973708758,49.9143030472776,61.3732780939813,47.8619464079895,36.7881044383889,46.4751790659644,66.00834198588,66.041027643054,53.1591661285546
-28.8900690493173,5.82513358898242,24.569674254211,27.4969651477871,29.1146918006036,27.6507049869683,32.5713317012895,36.3661949624268,53.2475994924693,72.5997097892208,72.6230659830523,59.8525492664931
-50.5071441344814,-12.4027703714633,9.98503623730964,11.8184293622855,14.4135878435488,12.2324278094004,18.7388726951738,23.5673662009575,40.8840462411008,60.6617412975869,60.666622152602,47.5550527877908
-250.846907105767,7.88154369773775,162.463769770921,166.750790913827,189.140922578881,170.373234666056,206.366408559212,237.003683933046,270.34854639583,290.383279456932,290.328163443936,276.897342728818
-89.6339321547974,-44.646769964264,-15.3206509599727,-15.3583830215117,-10.9863565809549,-14.478129861808,-5.03190987681776,1.72728687179564,20.2359375587303,41.2496413278875,41.2222731807207,27.188076795051
-9.36845926383507,32.7578708396168,59.2452342827505,59.9508781778924,63.6047566675559,60.6434398083378,68.8952697038594,74.8684833204008,71.356356030441,63.8158623582983,63.8013816492631,68.7778748167995
-57.9609023809282,-7.46237325318395,27.5848669072527,25.9230700508714,31.7926200260978,27.1990312132668,39.1000330070234,47.4656837801694,45.2408881412764,38.9997731608535,38.9446897236743,42.9300754999572
-75.1896382930452,-21.9327601127556,16.0206498848689,13.5134374225637,20.1518356671549,14.9932384693463,28.1489363385729,37.3342592153146,35.5853925271933,29.8453777154598,29.7759328378762,33.3831208364003
-47.9141621328531,-3.31519172521793,26.6378757647141,26.1402646414303,30.0696108823051,26.8732437469312,43.4097611676153,53.9790826754145,55.61914673248,54.1385951059427,54.1631965795365,55.2347824608035
24.1677777570068,56.5774876675037,73.9738843304312,76.9947291547305,77.6556749088964,76.8655884209291,88.0317930984832,95.0834768181373,94.792562934873,91.3402749933212,91.4250687021776,93.9962049460993
-114.451772367423,-58.6011033339536,-17.0571870043866,-20.8026248485591,-13.8562738210843,-19.2738376123305,2.21992397639532,16.0363169760497,19.4588338605716,19.7983584225254,19.7673974695922,19.4547739676228
-113.155347494486,-83.485575868822,-54.7186913468416,-62.8459750961438,-58.1765995316763,-61.7288034606942,-24.4743093573247,-2.72839503107334,-0.741438602434918,-0.116153977704636,-0.15007651326524,-0.667442465950652
-7.26853327974606,19.2917771556484,35.6205648902211,38.6060982097698,44.2647103461917,40.0661579195777,1.19754973805866,-20.2782535136808,-18.2139293980136,-16.9439993538801,-17.0015252620337,-18.0230645108237
10.174723288638,22.6518121162415,25.4999741183202,30.9230941387531,32.4456718590897,31.2427579587643,1.8500201196169,-14.0394785963423,-12.6328610715396,-11.7621978631224,-11.7848531168613,-12.4331065347544
0.66478624878954,3.48485567603012,-9.53203974571348,2.59111365244875,-0.665216453838724,1.48424787261154,-28.2120245598032,-42.8707152602692,-40.25293580109,-38.0447025569666,-38.0589614891987,-39.5718458330239
-44.7327322210251,-4.68674364907309,22.0587686310906,22.5462694797405,26.4101486119299,23.2888225094825,31.8820958217685,37.8237263556707,33.9341982700463,25.2208030946662,25.2661242395207,31.2034195969893
-44.7327322210251,-4.68674364907309,22.0587686310906,22.5462694797405,26.4101486119299,23.2888225094825,31.8820958217685,37.8237263556707,33.9341982700463,25.2208030946662,25.2661242395207,31.2034195969893
-87.2334392808103,-46.5203489746937,-18.7730929552727,-18.5859954146145,-12.4123909187844,-17.1465494701373,-26.5047261672445,-30.2404745495582,-26.5027773957314,-24.437808102849,-24.5066084760858,-26.0896492248468
-55.5361839115047,-31.9471942861466,-17.6521950774561,-15.436548837733,-10.9344514013175,-14.3309644828088,-38.8280499180564,-51.5108206989225,-48.343896605839,-45.6757709232287,-45.7532982627015,-47.7685628192086
60.0465244624725,52.4827033451863,52.6615137346502,65.1123644137517,61.6149106364974,64.1077009084529,54.8061197526688,49.6096379291692,47.6040530889295,45.0179967486423,45.0692564078541,46.9517199644041
32.717355162545,60.6588435438435,61.0678812827109,75.7942501630994,71.7005919582399,74.6150571693513,63.586985207007,57.4472484721576,55.100922161343,52.0518740954845,52.1115139517693,54.3285648480628
51.2083812669628,31.3498692466995,28.282639051182,33.3624438891598,31.3807762564561,32.8085727901237,28.2047103008281,25.527685159552,24.3776489948239,22.9956897409177,23.0274948775048,24.0468764348946
-13.8707092513361,-22.7241624669045,-14.4546178945989,-12.5514466689697,-11.582242953738,-12.3269539344949,-12.0822361878013,-11.5833663909684,-10.9900215040823,-10.5918010580649,-10.6143404068391,-10.9488260447145
-72.4807971193447,-71.4231182278287,-52.9436988710083,-53.9013969916071,-50.2746449361595,-52.9759114757025,-48.364572877316,-45.0054989826739,-42.8420688993178,-40.8406224739203,-40.9121043484241,-42.4658798479763
-12.5162205376728,-7.87331179903636,4.17597793740816,12.862948130362,12.5985028962313,12.7089575914698,8.62951706335839,6.8745662534869,6.77727050299453,6.12089236344444,6.11270838464961,6.52594919997398
-12.4301984033933,-7.81919969045193,4.14727705811326,12.7745429885725,12.51191524746,12.6216108038996,8.57020766773395,6.82731837545607,6.73069132427979,6.07882437469225,6.07069664317434,6.48109731543809
-13.2124427979978,-7.3106263239616,0.706008008779513,0.609795910443722,2.099999070977,0.979277832610226,2.35079175553636,3.59138304029312,4.62452358698888,5.72959453173718,5.68075817579796,4.79551301055627
-13.0209968770451,-4.33070264993347,39.9531163120159,62.7812959281172,63.7395155182311,62.9534722403569,60.9984115898413,60.6604421907988,61.3872158692651,61.754313112116,61.7106020669702,61.3333245353083
53.6270983869315,31.4902695892201,21.9627479840419,36.8509142546458,30.4796317139754,35.2298488165474,27.5717783818912,21.5494332432716,17.1717943014148,12.2298911805885,12.4309037556721,16.3371178454213
90.9641333111026,72.9916238543383,46.5067633789642,41.4270287908523,38.0772291767641,40.6255632683861,38.6764141992479,36.5034939643587,34.4637069769114,32.9190032635521,32.9938454969052,34.2529190157326
3.9559580799355,5.87721083987089,15.8269954794997,25.5399594258981,24.5858117076177,25.2061545316464,20.0834825988075,17.6242508571893,17.1212566313362,16.0695070374431,16.0739281047292,16.7895164455318
71.3696804961101,81.8163640191105,55.0423523884185,51.9239585913603,47.9717337448507,50.9496967008249,47.4097865770314,44.3458459445703,41.9593847581719,39.9680988355475,40.0519452524325,41.6365531978629
-18.4910261044179,-37.8796400763402,-20.3170877652219,-14.6175867403489,-13.0630307137181,-14.2757681094753,-14.6754704871372,-14.1920368881816,-13.2221235263935,-12.677285400714,-12.7169753421992,-13.2015268034266
-18.1586079727947,-13.8540608010438,-14.8154843429959,-23.6690130003496,-20.7157751869247,-22.9849050366466,-22.1384748495702,-20.7023400418525,-19.1327314417997,-18.5229760399484,-18.5606164809355,-19.0843826898033
-16.0932999521356,-12.4915455433166,-15.0547522734211,-24.0114185541581,-21.3499586596054,-23.3930055171254,-22.5453669868105,-21.220533045892,-19.8142758213393,-19.2712035704417,-19.3039267283589,-19.7680565740402
-16.9013317488956,-13.1187361145292,-15.8106394168565,-25.217012791187,-22.4219231111336,-24.5675497271903,-23.6773519401232,-22.2859991402464,-20.809134858394,-20.2387953815099,-20.2731615431718,-20.7605949794313
-14.965936526151,-12.3256481027583,-15.9736113348919,-25.3494775340525,-22.6997089188133,-24.7436221856747,-24.2935739579373,-23.174037778246,-21.8447133327377,-21.5588542138739,-21.5828496853912,-21.8493592243662
-9.46361544278926,-12.9029173509305,-20.6524546034569,-25.9723467450633,-25.4212559180304,-25.8825698778807,-27.2479961077457,-27.7415662842132,-27.7033934873071,-28.5258254784332,-28.5021031731604,-27.8836630162373
-14.1478216904631,-16.4836053533746,-22.9771511659219,-28.8095461913549,-27.8604426946176,-28.6199162235742,-29.5472300355658,-29.7074097854782,-29.4456006535628,-30.0964692792783,-30.078906068508,-29.5938813706587
-55.5517788418538,-44.5642805275007,-33.4790190657053,-41.143825975486,-36.5173552650539,-40.0010963884007,-35.6388940527225,-32.1173597489498,-29.6183735092505,-28.0167183347352,-28.076366679106,-29.3297087588428
-8.50847170461888,-16.0154254156106,-24.8546496037838,-25.3105559390349,-26.7841681169417,-25.6772293717811,-27.1298903131637,-28.3448249751597,-29.2685085387971,-30.1230206511315,-30.0875652476357,-29.4094805771639
7.25063169510403,-7.89488241208751,-25.0632735474801,-22.9915036572022,-26.8512642362289,-23.9488767689764,-27.6824940653386,-30.7595830982882,-33.034981027969,-34.8849936438709,-34.8106771336282,-33.34895723762
37.681777925118,32.8123216832919,39.8161174800729,62.3527301424449,55.4921108877368,60.7948070826252,59.9160713696609,57.3583198392738,54.339937888998,54.755228086481,54.762909819841,54.519549251005
-37.681777925118,-32.8123216832921,-39.816117480073,-62.3527301424449,-55.492110887737,-60.7948070826257,-59.9160713696609,-57.3583198392736,-54.339937888998,-54.755228086481,-54.762909819841,-54.5195492510047
1.05304446268946,-22.7441842959418,-44.5042910805835,-28.9353192550916,-38.3706540412877,-31.2250519217308,-38.3935577417802,-44.8320013285905,-49.8681946298863,-52.6689937945861,-52.5525921507441,-50.3225548728487
-399.788700937409,-92.1355812374296,113.91666649348,101.612993542951,139.226619531604,108.999956572075,158.504462151223,200.215579494658,223.873367329865,224.374937471052,224.287135800882,223.738176600263
-38.7348223878075,-10.0681373873506,4.68817360051084,-33.4174108873533,-17.1214568464492,-29.5697551608946,-21.5225136278811,-12.5263185106828,-4.47174325911206,-2.08623429189423,-2.2103176690969,-4.1969943781563
-78.3323094698098,-62.1415070418247,-46.5601525759686,-56.0980056799007,-48.4812816869474,-54.5665335126192,-62.253599564084,-62.7957011407286,-59.0904547711547,-60.1738726668136,-60.2411754766226,-59.7326740210794
-78.3323094698098,-62.1415070418247,-46.5601525759686,-56.0980056799007,-48.4812816869474,-54.5665335126192,-62.253599564084,-62.7957011407286,-59.0904547711547,-60.1738726668136,-60.2411754766226,-59.7326740210794
11.1548936014096,11.5170052117332,10.5523241948625,7.98357071347118,8.45139479722636,8.14839794132207,10.7076253850833,11.9359806505664,12.1882877773219,12.7272833382837,12.7244494500632,12.3560545283281
56.329854739166,49.0476071195568,40.2112106837938,39.854656708619,38.2718914088215,39.4784964904559,38.6643007118193,37.6840367878697,36.7249064700987,36.0262501580669,36.0611675540975,36.6339400428665
112.790300930223,55.4275568584206,1.20307762434209,32.4124621803174,9.74002028888528,27.3045431398717,26.8786625635475,18.5085447399427,6.75119217777116,3.91733441717079,4.17738938866137,6.88057585569801
40.9736571367008,31.80160489488,23.6877337490036,28.7938563484897,25.9646032417415,28.0062397849767,21.5710428505882,17.8028425848009,16.1553430694124,14.1923497610639,14.2386859479373,15.6901585994075
-400,-6.31745122775804,268.715586725089,187.096944730727,263.67896665171,203.439482526749,261.417110215236,256.477683330297,242.650431892983,248.371368761988,247.899428743125,242.66060636641
-79.0681872205591,-43.298838310309,-1.56146426309731,-14.1713119023724,-2.03091212422741,-10.7535938175621,-14.6261764380596,-17.9718688384533,-16.619717028336,-15.6121902172799,-15.7148585730482,-16.7033615066311
-67.9218875012983,-37.7969776615918,0.49993120931684,-12.6504168202379,-1.61299802390571,-9.50652424245979,-7.09845765279402,-7.13939956652934,-6.48502747809758,-6.04713744614183,-6.13241548925274,-6.68812796906826
-130.249222415495,-130.562818790312,5.29055691177511,-23.5748031316019,1.47162777140188,-10.8651676615516,4.86772910467419,-0.161305180777127,-9.23791086377328,-7.738556164173,-7.88011753737621,-9.30934815943338
-16.2704022103228,-118.543228513816,-55.8182534831562,-77.3882921262286,-60.3516599575943,-63.4783712532716,-67.5161872059196,-74.8494233466284,-80.2874222230034,-80.8152539143797,-80.883657267057,-80.7499135888162
-104.23463931098,-34.1988956347191,36.7712552028337,33.2645253713379,41.1879922587155,33.2047715153122,47.3977187119361,55.1279127881233,61.1683956910005,64.0372918402824,63.9783432604824,61.9013884119147
-25.1944553295443,-166.510305994214,-158.808951413445,-191.94848442863,-162.873602918678,-166.020873173331,-173.25677501037,-185.939908059734,-194.699265523613,-200.344425241696,-200.20072419849,-196.012357692228
-136.718183296349,-79.592533882061,34.887647747953,-12.1065815009327,39.4644098728671,17.0580493180587,43.7772793685401,49.2563319263207,54.0610694584675,55.6681365766195,55.6477085177055,54.530403378295
94.3899628587919,24.354582086653,-14.7537487899444,-51.3726164848444,-19.0656754209245,-24.59247119199,-26.5177721158871,-35.7223795479628,-42.5722293716601,-46.267576262103,-46.183398184288,-43.4779087293498
-119.584418188336,-190.864888080867,-144.0552026235,-140.575867943785,-143.807927497754,-141.428401981341,-146.739002894483,-150.217528511771,-152.127036151954,-154.076848979593,-154.017326014202,-152.534448962878
-33.6014231677533,25.0768462216915,62.0805144252816,66.8730491218174,63.9366884371763,61.1586719738425,67.1789427941823,71.7580861513868,75.0854955007146,77.4028874638059,77.3316187614961,75.57683344684
-20.9512039659955,56.5086358236341,80.2253868335024,88.0740976222031,82.6410712226342,80.5803806832217,84.9467995456982,88.4190965394009,91.0963586028111,91.9961352147324,91.9839999778744,91.3549379926713
-41.1513183599703,-58.0923964764115,34.6136176324836,21.2306120057344,32.686313342434,27.0498403866291,27.8929750884562,24.27226104126,21.705606071106,22.1960476897626,22.1108157701972,21.5230100916965
36.7327223125217,114.533273300557,76.3184109620463,87.9591962047831,78.6592897082018,80.555206260958,76.1015912382541,73.2388624193856,71.6939780357594,67.2673165964468,67.4574097225212,70.9909160578746
7.24041346080799,123.343912744768,70.9482562804582,67.183914879266,71.7438142011686,64.7410850536699,74.9589012396661,80.0955367565881,83.0123000936159,85.2929803022459,85.2233704724287,83.4921253634376
-59.7136812266057,125.080885568468,185.53755504912,165.865043606737,185.596959578883,165.407140485522,182.870202471738,185.408484060063,186.343056122145,189.325217737476,189.149345237637,186.629961202441
-5.0556326361721,98.6515348301025,72.6184677778797,70.8465969964026,73.8247258113568,67.0637351769332,75.3724236560975,78.86463753393,80.9032752759465,82.1107012172791,82.0738586545135,81.1596740883421
117.579500077337,139.746350718046,105.006709847675,107.261727240177,105.656127997637,105.107794052774,103.129972248766,101.174090788404,100.16542883866,98.4307346869759,98.4908140428509,99.8308724563326
40.1670213790474,68.6208737688331,40.181288422966,40.702865194897,40.708681765771,38.9767141825287,39.6149760199476,39.3108894134553,39.1803964073285,38.316590102859,38.3505121414032,39.0301100764857
-27.0595204643454,45.2402463327395,-8.19254633175346,-9.63364390332444,-7.20944347369024,-12.8088325777724,-7.48333423618019,-5.68369194284069,-4.65801818321498,-5.26408914014036,-5.22825310040451,-4.71445330410676
-12.4989213573405,20.8966852108368,-3.7841761627623,-4.44982599344033,-3.33007627118076,-5.91646076211392,-3.45658771861657,-2.62532437359786,-2.15156077986598,-2.43150784092196,-2.41495500352018,-2.17762843094458
-53.2734071751206,-17.2308540017816,-38.0659820557042,-39.6367479807516,-37.6858782774076,-40.8465461978702,-37.0505508696899,-35.3608449814246,-34.4313476111383,-34.2439521580266,-34.2416032066934,-34.3592114996301
-216.250395033708,188.164990847747,338.07795198894,282.317134056601,336.646516502324,286.686966580242,333.522179534027,336.618623562544,333.5185557098,339.425555574208,339.043725292931,333.952335005416
-216.250395033707,188.164990847747,338.07795198894,282.317134056602,336.646516502324,286.686966580242,333.522179534027,336.618623562544,333.5185557098,339.425555574208,339.043725292931,333.952335005416
-29.2425777813671,179.741367048006,182.605606127737,162.575312041768,182.958907605247,161.377422686264,183.367198353331,187.927476060795,189.387202303957,192.977873304784,192.796765777981,189.856253584007
9.35902713897931,122.109700620822,135.259250952364,123.664986972908,135.210804904425,123.822068136066,137.548634104549,142.105371186177,144.57890130455,149.253496847819,149.044032448641,145.293626182613
-3.68260543358589,45.4383073318101,51.7213271143633,46.561947487812,51.6883400425153,46.6721037316476,52.8364876344995,54.9608444679241,56.1121680452653,58.2094614471457,58.1167647372263,56.4379244424207
-48.9586865134823,19.7063879029243,31.6186870327312,23.795475198272,31.5054973405156,24.1850145358049,33.8424404594241,37.5977573933753,39.6232969839521,42.8981006822398,42.7603833728652,40.159848931792
-105.456812585991,-48.0703768824671,-33.5046723596216,-40.943006849406,-33.6980854791843,-40.2704452617529,-30.6666954720619,-26.3707234874639,-24.0648709571,-20.8226210616497,-20.9497068038973,-23.4968546722981
14.6624373124075,10.9577679582869,7.24540655576079,8.26685121261333,7.31731071318907,8.01477692071066,7.42675275866322,6.45341856556764,5.93595003239385,5.42277194731921,5.43818536945079,5.82736733433415
-30.9535254161171,-30.9535254161171,-30.9535254161171,-30.9535254161171,-30.9535254161171,-30.9535254161171,-30,-30,-30,-30,-30,-30
-47.6876882284665,1.93599656090329,3.57286099438238,-0.938480938716424,3.64081081742917,-1.17420805737924,3.19587666648925,3.81912335631025,3.77956438759826,4.04673206188206,4.02865078860213,3.79616897007989
-80.2847805745768,-27.9608540709985,-23.6737365874113,-28.9189821339398,-23.6570039014223,-28.9751545433427,-23.5002919685935,-22.1819580867738,-21.8524060201948,-21.2188334752132,-21.2479314296766,-21.7583204534996
-126.757343259806,-70.7120702738045,-62.6402844248476,-68.9221749076196,-62.6969716056719,-68.720962277326,-61.6787911593901,-59.3683894853303,-58.5109804638866,-57.3542817629756,-57.3990803057792,-58.3061611433088
-25.7865852483868,-20.3722108261931,-19.3585368479618,-19.9658638118263,-19.3690898590912,-19.9303806923896,-19.2047516080433,-18.8525622115373,-18.6195864591315,-18.2063882929299,-18.2244029184492,-18.5544254017204
-48.6246542296563,-38.4150013573149,-36.5035599540303,-37.6487702770647,-36.5234593130306,-37.5818612855492,-36.2135737443544,-35.5494653537514,-35.1101530021737,-34.3310029997073,-34.3649724038962,-34.9872816000344
12.5600290075555,33.6893595424606,42.1312088899966,38.8607594652779,41.9939037475824,39.3377451724121,43.7224729545336,46.1851885930097,47.6264579258582,49.5814115269128,49.5065224671749,47.9758490985179
-24.3866832361686,22.3599277499027,8.46941597862938,6.74364542054762,8.86490317323143,5.37684145189448,4.59092160157089,0.543000694918305,-2.83444255800374,-7.25879087498451,-7.09417871389431,-3.64445511177873
-7.78954777625884,7.14216541031047,2.70528467375575,2.15404233863159,2.83161043800245,1.71746042581069,1.46642340847141,0.173444244739873,-0.905372227572354,-2.3185891156655,-2.2660090136095,-1.1641048902266
20.1755668100517,16.8452950388733,4.28413027620982,6.64604559012392,4.54698231493277,5.73747301160592,1.47119578767652,-2.27498848673914,-4.90746051465577,-8.55954358306453,-8.41834555533826,-5.55498421586083
82.1160933301025,43.8600656557103,32.1397398891749,35.9664564541539,32.3404140982072,35.2752496560065,29.8403496355359,26.5708491930844,24.5078296442406,21.5441812199114,21.660843940903,23.9906446168132
34.8534480674294,0.435823947979497,-7.43812854131892,-4.6697295823845,-7.31195414511896,-5.09976250355071,-8.9374648215151,-11.1984948527624,-12.7253658637898,-15.1573110785254,-15.0566181860524,-13.1300484856316
-19.8989060073613,-49.869854970266,-53.287899619268,-51.7455297995765,-53.2480310171689,-51.8730006337481,-53.8603974165687,-54.953144785656,-55.858903829377,-57.6748868559494,-57.5926945298478,-56.1332557955678
154.982249210684,-0.253770705320289,-17.0308100084424,0.392602963818067,-17.0494342414322,0.468186978949259,-18.0873455362074,-22.2122100818707,-23.2079841561554,-25.4874760517732,-25.3792077888542,-23.5321507485958
-29.9140535564708,77.7791557191954,91.3564699963519,79.6233261819035,91.3578707782419,79.5807518646529,91.2856683177841,93.2042987626917,93.4580434041826,95.1237899109582,95.0335012305983,93.6503647304987
-80.4217472650532,19.2079184686134,12.3260535764156,2.95357582325195,12.6618802724234,1.829703852954,11.5061868649598,12.4020680678546,11.8626728518449,11.2492235396136,11.263449579952,11.7165465091656
141.018117404815,-31.4689877953683,-47.6462733770836,-28.7372323799576,-47.7207955359996,-28.4643604837832,-48.2644684993889,-52.1967887219986,-52.9358990579657,-55.127369758791,-55.0166152463438,-53.2210586211987
20.3298187410487,124.000375164806,133.49482092249,122.88066905707,133.575447499539,122.560332288347,132.573182262129,133.420433998053,133.104163934079,134.205399263945,134.132043675247,133.176953025843
-81.446917048974,87.1425955419153,102.205685668538,83.3451784318293,102.336195285847,82.8607901820664,101.680539053577,104.298262462809,104.148466901388,105.523187166516,105.436813434022,104.260113866312
-177.926867626142,-5.9383469265367,12.6914872335584,-7.13503203686043,12.7524722035332,-7.37565979125954,12.9120511196223,16.4663201824826,16.8160443379076,18.6845520798144,18.5833944031822,17.0323583178304
-54.5690866542115,-21.8520785601745,-20.1624636424769,-25.4289084662813,-20.0758425270094,-25.7254631243194,-20.7008231477821,-20.5550411293089,-21.2803165309015,-22.3112132416791,-22.2712294224182,-21.4625702710204
-372.495264787004,-112.331437224694,-82.2879735345224,-116.615702129935,-82.191117078258,-116.952571484711,-80.9417825309715,-74.0409473518909,-73.5704408644336,-72.1888406187641,-72.2597759692601,-73.3950098141589
101.06480414506,-49.7923471811078,-62.1814259982115,-45.9653466626694,-62.2850399634407,-45.5918142765476,-62.3252562399542,-65.2996530601186,-65.6837863941512,-67.3567088005846,-67.2666589921573,-65.8796097201666
82.9735911603573,-29.0866813615892,-46.9882628833392,-34.060913843798,-46.9060529399221,-34.3114328094375,-47.8153266729253,-50.8668230439744,-51.7224292442738,-53.9858245484969,-53.8775632169584,-52.0411182862943
-170.431790313481,5.38456817179864,27.6895093776548,6.83642941201645,27.6797526944578,6.84377251190611,28.6706834740275,33.187128616528,34.0467795095611,36.4225766813477,36.3061353730989,34.3702430634079
-32.6029861797922,142.663437738565,164.577981066289,143.847684317119,164.575345009245,143.830092697341,165.481771574355,169.897249824729,170.704831782931,173.027401125501,172.91260560398,171.017220079196
115.592626040272,77.8330747874245,71.1856042199755,77.8308811890758,71.1946458248275,77.7920494319244,70.6954419714963,69.2506824538777,69.2878192478384,69.6372365225869,69.6176934906576,69.3257698451144
45.4936350221764,70.170675262827,63.7084714471122,60.6702804806428,63.9533491104758,59.8189478575259,61.4717930265221,59.4793617768843,57.6148587225091,55.4532262923808,55.5271996244254,57.1934638263456
36.1891549504435,4.87830253812989,4.69292032020843,9.56017384249597,4.57679872901902,9.96012650536662,5.54688644620971,5.79640473923745,6.73429634041967,7.97700006150852,7.9306269651585,6.96125628027049
-399.236911040104,-69.2567521268134,-16.8470325825871,-82.0527232994991,-16.4990239289572,-83.2826894420653,-17.5116024709557,-10.2677593093994,-12.084258930779,-12.9827002633671,-12.9831892325279,-12.3835382305849
-129.253712115237,-16.8736806980263,-10.6170277650155,-20.5116912099499,-10.5168214946487,-20.867881102688,-10.7747047462033,-8.51513968679047,-8.89778316313509,-8.83296358964235,-8.8484280813197,-8.93778616966873
-34.1402742544372,1.22316050669407,-8.08967458003367,0.778932868648452,-8.07596482726067,0.727862694192494,-8.07247877841095,-7.56332785581937,-7.45406673872262,-7.07280813421884,-7.09256246137315,-7.40639281254238
-64.0691045266908,6.63159498500974,-1.29121057606367,6.60154160742803,-1.28748988504346,6.58372717488818,-0.91899997927356,0.710585518803808,1.01359638471921,1.7469430788365,1.71174735526113,1.11642964299956
-112.946229637282,-6.12481475182227,-2.1183655350364,-9.50407175115913,-2.02519870111623,-9.83537866970703,-2.29349138222233,-0.298494429827101,-0.644636883692906,-0.562203086961433,-0.577631199307826,-0.678665952683299
-132.365345071015,23.383215894279,28.3487495996557,25.1155435135751,28.307294241231,25.2529686550063,29.8768026949298,34.7487110890849,35.5934810563633,37.1484407082328,37.0799163786095,35.8357787961412
100.666923734097,21.1291174300973,11.1368413468526,19.3525599817405,11.1818164540072,19.1989728414294,9.93577879027807,6.49418633468817,5.88834250426595,4.91716648266309,4.95760411035269,5.72763138855219
-51.2305525794402,-42.114216723586,-45.4680211174737,-43.7282631358249,-45.4252651761367,-43.8775424995697,-46.0344962468011,-47.036633900463,-47.3865050499331,-47.7888262657676,-47.7750583929311,-47.4649393359158
-127.588864793484,35.3199315194106,21.6466391376468,22.8055141613216,21.9797081356054,21.6400487215669,20.2692769206643,24.1112771542608,21.5640168928314,18.8406308135809,18.928429580762,21.0116276064678
-81.3206112037849,-48.4298600209976,-48.7969021102215,-49.5128807915692,-48.7675895479083,-49.6162518680188,-49.0043711092504,-48.9777923294654,-49.1465724542137,-49.2586022581264,-49.2569214794682,-49.1769690460459
-127.588864793483,-53.3339554023332,-59.1545846593359,-60.1563453931041,-58.9736126865134,-60.7886045304294,-58.8985759364121,-52.9977067788498,-54.4503790872013,-56.0882526885025,-56.0330575389313,-54.773086169547
-180.791822856509,-36.3737519463031,-49.9224397989901,-43.5912718972904,-49.7282504457133,-44.274215232371,-49.5117352701445,-42.5603940082762,-43.807623737078,-44.8472666773488,-44.8220420001193,-44.0514489729254
-127.588864793485,-113.112449910186,-113.638101182864,-116.096758587996,-113.5596868248,-116.369481656141,-112.280725569544,-104.991580173488,-105.706181967241,-106.612104562731,-106.578893730419,-105.874016467592
-139.252924394659,-139.252924394659,-139.252924394659,-139.252924394659,-139.252924394659,-139.252924394659,-139.252924394659,-139.252924394659,-139.252924394659,-139.252924394659,-139.252924394659,-139.252924394659
-52.6261734834176,10.0072100676172,4.45935561398967,5.98583045687464,4.56681115421578,5.60912373806604,8.00096303742404,24.4769861041322,23.7036669697325,22.9367595983628,22.959793838122,23.5413980148276
8.17315016991884,-11.4985413962746,-20.8616229850485,-17.8783602361893,-17.9714132109662,-15.4035120476838,-25.8625265710791,-28.3733042365899,-30.8840207248188,-33.1915103139252,-33.1523906582607,-31.4755366257017
12.1157976024998,21.4893238872594,21.930662428877,21.1245861424369,19.1816407948171,18.0825563441552,25.5850586503146,27.1477344186542,29.9077035420322,33.9876417135,33.8467587221531,30.6869901386675
131.529193615316,98.2923164574483,64.2976978664851,73.7435143311798,64.9109313834755,71.2808933553291,57.4060007017383,50.1307979686088,45.4980828455554,40.8230726958081,40.9676991605256,44.5265823444092
80.4660353710676,65.9604002332104,52.1133781905368,55.831039874019,52.426782057883,55.0451496251869,49.0539104718643,43.7856402955884,41.749677205774,39.8113006549444,39.8653087849228,41.3218596297339
27.8708459481891,17.978408953973,7.37670086141264,10.3860309914097,7.53684069037206,9.51181984694358,5.35077975262084,4.20890219861576,2.83694048013103,1.39564809442732,1.44314910035916,2.54965820613648
-53.5003825507971,-63.9196232851944,-74.6529221756248,-71.6453861942725,-74.4391776220198,-72.3823163919405,-76.9727984234635,-79.9796350514725,-81.6302129530442,-83.3156306480504,-83.2641790124313,-81.9823804795732
84.5034242454093,65.4727800636647,46.4026223323306,51.6497167307238,46.7719892864109,50.3548275792186,42.4359882156089,37.4360341230458,34.7778321112721,32.1416698507824,32.2208475922139,34.2200498927943
-20.3141673772722,14.2979778176768,66.05778861187,70.0352580298176,67.4035543797784,65.6954686291298,64.0967533830674,61.4933783124521,60.1613273591559,58.1035108625603,58.1663446117238,59.7346250316571
20.314167377272,-14.2979778176768,-15.4174659385916,-15.6308718054278,-16.4957209972414,-12.2133829570712,-16.3598578613561,-17.5196710703791,-18.2533909527784,-18.3049488255982,-18.303388589961,-18.2674417729432
